{
	"v": "5.8.1",
	"fr": 24,
	"ip": 0,
	"op": 24,
	"w": 1920,
	"h": 1080,
	"nm": "crt",
	"ddd": 0,
	"assets": [
		{
			"id": "image_0",
			"w": 1732,
			"h": 1008,
			"u": "images/",
			"p": "img_0.png",
			"e": 0
		},
		{
			"id": "image_1",
			"w": 1797,
			"h": 851,
			"u": "images/",
			"p": "img_1.png",
			"e": 0
		},
		{
			"id": "image_2",
			"w": 1921,
			"h": 1081,
			"u": "images/",
			"p": "img_2.png",
			"e": 0
		},
		{
			"id": "comp_0",
			"nm": "labels",
			"fr": 24,
			"layers": [
				{
					"ddd": 0,
					"ind": 1,
					"ty": 2,
					"nm": "Labels",
					"refId": "image_0",
					"sr": 1,
					"ks": {
						"o": {
							"a": 0,
							"k": 100,
							"ix": 11
						},
						"r": {
							"a": 0,
							"k": 0,
							"ix": 10
						},
						"p": {
							"a": 0,
							"k": [
								929.479,
								552.524,
								0
							],
							"ix": 2,
							"l": 2
						},
						"a": {
							"a": 0,
							"k": [
								865.612,
								503.954,
								0
							],
							"ix": 1,
							"l": 2
						},
						"s": {
							"a": 0,
							"k": [
								100,
								100,
								100
							],
							"ix": 6,
							"l": 2
						}
					},
					"ao": 0,
					"ip": 0,
					"op": 960,
					"st": 0,
					"bm": 0
				}
			]
		},
		{
			"id": "comp_1",
			"nm": "crt body",
			"fr": 24,
			"layers": [
				{
					"ddd": 0,
					"ind": 1,
					"ty": 2,
					"nm": "CRT",
					"refId": "image_1",
					"sr": 1,
					"ks": {
						"o": {
							"a": 0,
							"k": 100,
							"ix": 11
						},
						"r": {
							"a": 0,
							"k": 0,
							"ix": 10
						},
						"p": {
							"a": 0,
							"k": [
								988.509,
								552.524,
								0
							],
							"ix": 2,
							"l": 2
						},
						"a": {
							"a": 0,
							"k": [
								898.152,
								425.461,
								0
							],
							"ix": 1,
							"l": 2
						},
						"s": {
							"a": 0,
							"k": [
								100,
								100,
								100
							],
							"ix": 6,
							"l": 2
						}
					},
					"ao": 0,
					"ip": 0,
					"op": 960,
					"st": 0,
					"bm": 0
				}
			]
		}
	],
	"layers": [
		{
			"ddd": 0,
			"ind": 3,
			"ty": 4,
			"nm": "Beam spot",
			"sr": 1,
			"ks": {
				"o": {
					"a": 0,
					"k": 100,
					"ix": 11
				},
				"r": {
					"a": 0,
					"k": 0,
					"ix": 10
				},
				"p": {
					"a": 1,
					"k": [
						{
							"i": {
								"x": 0.833,
								"y": 1
							},
							"o": {
								"x": 0.333,
								"y": 0
							},
							"t": 0,
							"s": [
								1813,
								226,
								0
							],
							"to": [
								0,
								54.667,
								0
							],
							"ti": [
								0,
								-106,
								0
							]
						},
						{
							"i": {
								"x": 0.667,
								"y": 1
							},
							"o": {
								"x": 0.333,
								"y": 0
							},
							"t": 12,
							"s": [
								1813,
								554,
								0
							],
							"to": [
								0,
								106,
								0
							],
							"ti": [
								0,
								-51.333,
								0
							]
						},
						{
							"t": 24,
							"s": [
								1813,
								862,
								0
							]
						}
					],
					"ix": 2,
					"l": 2
				},
				"a": {
					"a": 0,
					"k": [
						853,
						2,
						0
					],
					"ix": 1,
					"l": 2
				},
				"s": {
					"a": 0,
					"k": [
						100,
						100,
						100
					],
					"ix": 6,
					"l": 2
				}
			},
			"ao": 0,
			"shapes": [
				{
					"ty": "gr",
					"it": [
						{
							"d": 1,
							"ty": "el",
							"s": {
								"a": 0,
								"k": [
									66,
									66
								],
								"ix": 2
							},
							"p": {
								"a": 0,
								"k": [
									0,
									0
								],
								"ix": 3
							},
							"nm": "Ellipse Path 1",
							"mn": "ADBE Vector Shape - Ellipse",
							"hd": false
						},
						{
							"ty": "gf",
							"o": {
								"a": 0,
								"k": 100,
								"ix": 10
							},
							"r": 1,
							"bm": 0,
							"g": {
								"p": 3,
								"k": {
									"a": 0,
									"k": [
										0,
										0.083,
										0.753,
										0.032,
										0.5,
										0.542,
										0.876,
										0.516,
										1,
										1,
										1,
										1,
										0,
										1,
										0.4,
										0.5,
										1,
										0
									],
									"ix": 9
								}
							},
							"s": {
								"a": 0,
								"k": [
									0,
									0
								],
								"ix": 5
							},
							"e": {
								"a": 0,
								"k": [
									100,
									0
								],
								"ix": 6
							},
							"t": 2,
							"h": {
								"a": 0,
								"k": 0,
								"ix": 7
							},
							"a": {
								"a": 0,
								"k": 0,
								"ix": 8
							},
							"nm": "Gradient Fill 1",
							"mn": "ADBE Vector Graphic - G-Fill",
							"hd": false
						},
						{
							"ty": "tr",
							"p": {
								"a": 0,
								"k": [
									853,
									2
								],
								"ix": 2
							},
							"a": {
								"a": 0,
								"k": [
									0,
									0
								],
								"ix": 1
							},
							"s": {
								"a": 0,
								"k": [
									100,
									100
								],
								"ix": 3
							},
							"r": {
								"a": 0,
								"k": 0,
								"ix": 6
							},
							"o": {
								"a": 0,
								"k": 100,
								"ix": 7
							},
							"sk": {
								"a": 0,
								"k": 0,
								"ix": 4
							},
							"sa": {
								"a": 0,
								"k": 0,
								"ix": 5
							},
							"nm": "Transform"
						}
					],
					"nm": "Ellipse 1",
					"np": 3,
					"cix": 2,
					"bm": 0,
					"ix": 1,
					"mn": "ADBE Vector Group",
					"hd": false
				}
			],
			"ip": 0,
			"op": 24,
			"st": 0,
			"bm": 0
		},
		{
			"ddd": 0,
			"ind": 4,
			"ty": 4,
			"nm": "Beam Outlines",
			"sr": 1,
			"ks": {
				"o": {
					"a": 0,
					"k": 100,
					"ix": 11
				},
				"r": {
					"a": 0,
					"k": 0,
					"ix": 10
				},
				"p": {
					"a": 0,
					"k": [
						1061.021,
						540.118,
						0
					],
					"ix": 2,
					"l": 2
				},
				"a": {
					"a": 0,
					"k": [
						753.512,
						6,
						0
					],
					"ix": 1,
					"l": 2
				},
				"s": {
					"a": 0,
					"k": [
						100,
						100,
						100
					],
					"ix": 6,
					"l": 2
				}
			},
			"ao": 0,
			"shapes": [
				{
					"ty": "gr",
					"it": [
						{
							"ind": 0,
							"ty": "sh",
							"ix": 1,
							"ks": {
								"a": 1,
								"k": [
									{
										"i": {
											"x": 0.833,
											"y": 1
										},
										"o": {
											"x": 0.333,
											"y": 0
										},
										"t": 0,
										"s": [
											{
												"i": [
													[
														0,
														0
													],
													[
														-158.534,
														0
													],
													[
														-114.483,
														0.11
													],
													[
														-148.533,
														127.882
													]
												],
												"o": [
													[
														158.534,
														0
													],
													[
														114.484,
														0
													],
													[
														123.437,
														-0.118
													],
													[
														0,
														0
													]
												],
												"v": [
													[
														6,
														22
													],
													[
														481.603,
														22
													],
													[
														825.054,
														22
													],
													[
														1507.024,
														-312
													]
												],
												"c": false
											}
										]
									},
									{
										"i": {
											"x": 0.667,
											"y": 1
										},
										"o": {
											"x": 0.333,
											"y": 0
										},
										"t": 12,
										"s": [
											{
												"i": [
													[
														0,
														0
													],
													[
														-158.534,
														0
													],
													[
														-114.484,
														0
													],
													[
														-119.151,
														0
													]
												],
												"o": [
													[
														158.534,
														0
													],
													[
														114.484,
														0
													],
													[
														46.598,
														0
													],
													[
														0,
														0
													]
												],
												"v": [
													[
														6,
														22
													],
													[
														481.603,
														22
													],
													[
														825.054,
														22
													],
													[
														1501.024,
														22
													]
												],
												"c": false
											}
										]
									},
									{
										"t": 24,
										"s": [
											{
												"i": [
													[
														0,
														0
													],
													[
														-158.534,
														0
													],
													[
														-114.483,
														0.11
													],
													[
														-160.533,
														-148.118
													]
												],
												"o": [
													[
														158.534,
														0
													],
													[
														114.484,
														0
													],
													[
														123.437,
														-0.118
													],
													[
														0,
														0
													]
												],
												"v": [
													[
														6,
														22
													],
													[
														481.603,
														22
													],
													[
														825.054,
														22
													],
													[
														1505.024,
														334
													]
												],
												"c": false
											}
										]
									}
								],
								"ix": 2
							},
							"nm": "Path 1",
							"mn": "ADBE Vector Shape - Group",
							"hd": false
						},
						{
							"ty": "st",
							"c": {
								"a": 0,
								"k": [
									0,
									0.537254901961,
									0,
									1
								],
								"ix": 3
							},
							"o": {
								"a": 0,
								"k": 100,
								"ix": 4
							},
							"w": {
								"a": 0,
								"k": 10,
								"ix": 5
							},
							"lc": 2,
							"lj": 1,
							"ml": 4,
							"bm": 0,
							"nm": "Stroke 1",
							"mn": "ADBE Vector Graphic - Stroke",
							"hd": false
						},
						{
							"ty": "tr",
							"p": {
								"a": 0,
								"k": [
									0,
									0
								],
								"ix": 2
							},
							"a": {
								"a": 0,
								"k": [
									0,
									0
								],
								"ix": 1
							},
							"s": {
								"a": 0,
								"k": [
									100,
									100
								],
								"ix": 3
							},
							"r": {
								"a": 0,
								"k": 0,
								"ix": 6
							},
							"o": {
								"a": 0,
								"k": 100,
								"ix": 7
							},
							"sk": {
								"a": 0,
								"k": 0,
								"ix": 4
							},
							"sa": {
								"a": 0,
								"k": 0,
								"ix": 5
							},
							"nm": "Transform"
						}
					],
					"nm": "Group 1",
					"np": 2,
					"cix": 2,
					"bm": 0,
					"ix": 1,
					"mn": "ADBE Vector Group",
					"hd": false
				}
			],
			"ip": 0,
			"op": 24,
			"st": 0,
			"bm": 0
		},
		{
			"ddd": 0,
			"ind": 5,
			"ty": 0,
			"nm": "labels",
			"refId": "comp_0",
			"sr": 1,
			"ks": {
				"o": {
					"a": 0,
					"k": 100,
					"ix": 11
				},
				"r": {
					"a": 0,
					"k": 0,
					"ix": 10
				},
				"p": {
					"a": 0,
					"k": [
						960,
						540,
						0
					],
					"ix": 2,
					"l": 2
				},
				"a": {
					"a": 0,
					"k": [
						960,
						540,
						0
					],
					"ix": 1,
					"l": 2
				},
				"s": {
					"a": 0,
					"k": [
						100,
						100,
						100
					],
					"ix": 6,
					"l": 2
				}
			},
			"ao": 0,
			"w": 1920,
			"h": 1080,
			"ip": 0,
			"op": 960,
			"st": 0,
			"bm": 0
		},
		{
			"ddd": 0,
			"ind": 6,
			"ty": 0,
			"nm": "crt body",
			"refId": "comp_1",
			"sr": 1,
			"ks": {
				"o": {
					"a": 0,
					"k": 100,
					"ix": 11
				},
				"r": {
					"a": 0,
					"k": 0,
					"ix": 10
				},
				"p": {
					"a": 0,
					"k": [
						960,
						540,
						0
					],
					"ix": 2,
					"l": 2
				},
				"a": {
					"a": 0,
					"k": [
						960,
						540,
						0
					],
					"ix": 1,
					"l": 2
				},
				"s": {
					"a": 0,
					"k": [
						100,
						100,
						100
					],
					"ix": 6,
					"l": 2
				}
			},
			"ao": 0,
			"w": 1920,
			"h": 1080,
			"ip": 0,
			"op": 960,
			"st": 0,
			"bm": 0
		},
		{
			"ddd": 0,
			"ind": 7,
			"ty": 2,
			"nm": "BG",
			"refId": "image_2",
			"sr": 1,
			"ks": {
				"o": {
					"a": 0,
					"k": 100,
					"ix": 11
				},
				"r": {
					"a": 0,
					"k": 0,
					"ix": 10
				},
				"p": {
					"a": 0,
					"k": [
						960,
						540,
						0
					],
					"ix": 2,
					"l": 2
				},
				"a": {
					"a": 0,
					"k": [
						960.25,
						540.25,
						0
					],
					"ix": 1,
					"l": 2
				},
				"s": {
					"a": 0,
					"k": [
						100,
						100,
						100
					],
					"ix": 6,
					"l": 2
				}
			},
			"ao": 0,
			"ip": 0,
			"op": 24,
			"st": 0,
			"bm": 0
		}
	],
	"markers": [
		
	]
}